<?xml version="1.0" encoding="UTF-8"?>
<widgets xmlns:xsi="http://www.w3.org/2001/XMLSchema-instance" xsi:noNamespaceSchemaLocation="urn:magento:module:Magento_Widget:etc/widget.xsd">
    <widget id="custom_categorywidget" class="Custom\Categorywidget\Block\Widget\Showcategories">
        <label translate="true">Show Categories</label>
        <description>Displayed in Menu</description>
        <parameters>
            <parameter name="categoryids" xsi:type="text"  visible="true" sort_order="1" >
                <label translate="true">Category Ids</label>
            </parameter>
        </parameters>
    </widget>
   <!--  <widget id="custom_categorywidget_Productcollection" class="Custom\Categorywidget\Block\Widget\Showproductcollection">
        <label translate="true">Show Category Product Collection</label>
        <description>Displayed in Menu</description>
        <parameters>
            <parameter name="categoryid" xsi:type="text"  visible="true" sort_order="1" >
                <label translate="true">Category Id</label>
            </parameter>
        </parameters>
    </widget> -->
</widgets>